{
  "model": "Qwen/Qwen3-235B-A22B-Instruct-2507",
  "parameters": {
    "n_prompts": 20,
    "max_tokens": 100,
    "seed": 42,
    "top_k": 50,
    "top_p": 0.95,
    "temperature": 0.0
  },
  "providers": {
    "novita/fp8": {
      "exact_match_rate": 0.9619302949061662,
      "avg_prob": 0.8143795247731516,
      "avg_margin": 0.010130068699731903,
      "avg_logit_rank": 0.032707774798927614,
      "avg_gumbel_rank": 0.032707774798927614,
      "infinite_margin_rate": 0.0,
      "total_tokens": 1865,
      "n_sequences": 20
    },
    "siliconflow/fp8": {
      "exact_match_rate": 0.9431757833244823,
      "avg_prob": 0.8057044129096569,
      "avg_margin": 0.02901267093733404,
      "avg_logit_rank": 0.055762081784386616,
      "avg_gumbel_rank": 0.055762081784386616,
      "infinite_margin_rate": 0.0,
      "total_tokens": 1883,
      "n_sequences": 20
    },
    "together": {
      "exact_match_rate": 0.9624060150375939,
      "avg_prob": 0.8212259636689718,
      "avg_margin": 0.008796929544844253,
      "avg_logit_rank": 0.02631578947368421,
      "avg_gumbel_rank": 0.02631578947368421,
      "infinite_margin_rate": 0.0,
      "total_tokens": 1862,
      "n_sequences": 20
    },
    "fireworks/fp8": {
      "exact_match_rate": 0.9662090813093981,
      "avg_prob": 0.8198431671027648,
      "avg_margin": 0.009910510988648364,
      "avg_logit_rank": 0.03009503695881732,
      "avg_gumbel_rank": 0.03009503695881732,
      "infinite_margin_rate": 0.0,
      "total_tokens": 1894,
      "n_sequences": 20
    },
    "cerebras": {
      "exact_match_rate": 0.9424111948331539,
      "avg_prob": 0.8122896946108508,
      "avg_margin": 0.0265763758073197,
      "avg_logit_rank": 0.05543595263724435,
      "avg_gumbel_rank": 0.05543595263724435,
      "infinite_margin_rate": 0.0,
      "total_tokens": 1858,
      "n_sequences": 20
    },
    "alibaba": {
      "exact_match_rate": 0.8565287479849544,
      "avg_prob": 0.7674521188342254,
      "avg_margin": 0.13181288786964188,
      "avg_logit_rank": 0.2229983879634605,
      "avg_gumbel_rank": 0.2229983879634605,
      "infinite_margin_rate": 0.00967221923696937,
      "total_tokens": 1861,
      "n_sequences": 20
    }
  }
}