{
  "model": "Qwen/Qwen3-235B-A22B-Instruct-2507",
  "parameters": {
    "n_prompts": 50,
    "max_tokens": 100,
    "seed": 42,
    "top_k": 50,
    "top_p": 0.95,
    "temperature": 0.0
  },
  "providers": {
    "parasail/fp8": {
      "error": "Error code: 429 - {'error': {'message': 'Rate limit exceeded: limit_rpm/qwen/qwen3-235b-a22b-07-25/043eb28f-fc28-4b0d-9800-b249fcfcfbf9. High demand for qwen/qwen3-235b-a22b-2507 on OpenRouter - limited to 18 requests per minute. Please retry shortly.', 'code': 429, 'metadata': {'headers': {'X-RateLimit-Limit': '18', 'X-RateLimit-Remaining': '0', 'X-RateLimit-Reset': '1768242840000'}, 'provider_name': None}}, 'user_id': 'user_2l152bn3bp13g6n2iBaxPOEhD1W'}"
    },
    "siliconflow/fp8": {
      "error": "Error code: 503 - {'error': {'message': 'Provider returned error', 'code': 503, 'metadata': {'raw': '{\"code\":50508,\"message\":\"System is too busy now. Please try again later.\",\"data\":null}', 'provider_name': 'SiliconFlow'}}, 'user_id': 'user_2l152bn3bp13g6n2iBaxPOEhD1W'}"
    },
    "novita/fp8": {
      "exact_match_rate": 0.9685202205882353,
      "avg_prob": 0.8540236613300616,
      "avg_margin": 0.012274364908928982,
      "avg_logit_rank": 0.028722426470588234,
      "avg_gumbel_rank": 0.028722426470588234,
      "infinite_margin_rate": 0.00022977941176470588,
      "total_tokens": 4352,
      "n_sequences": 50
    },
    "together": {
      "exact_match_rate": 0.9655485040797824,
      "avg_prob": 0.8512702941259577,
      "avg_margin": 0.011644140713557016,
      "avg_logit_rank": 0.030371713508612876,
      "avg_gumbel_rank": 0.030371713508612876,
      "infinite_margin_rate": 0.00022665457842248413,
      "total_tokens": 4412,
      "n_sequences": 50
    },
    "fireworks/fp8": {
      "exact_match_rate": 0.9692590043587979,
      "avg_prob": 0.8518783082810802,
      "avg_margin": 0.010817238758889654,
      "avg_logit_rank": 0.028905712319339298,
      "avg_gumbel_rank": 0.028905712319339298,
      "infinite_margin_rate": 0.0,
      "total_tokens": 4359,
      "n_sequences": 50
    }
  }
}