{
  "model": "Qwen/Qwen3-235B-A22B-Instruct-2507",
  "parameters": {
    "n_prompts": 20,
    "max_tokens": 100,
    "seed": 42,
    "top_k": 50,
    "top_p": 0.95,
    "temperature": 0.0
  },
  "providers": {
    "novita/fp8": {
      "exact_match_rate": 0.9639978506179473,
      "avg_prob": 0.8162368088520259,
      "avg_margin": 0.010619920405695862,
      "avg_logit_rank": 0.028479312197743148,
      "avg_gumbel_rank": 0.028479312197743148,
      "infinite_margin_rate": 0.0,
      "total_tokens": 1861,
      "n_sequences": 20
    },
    "siliconflow/fp8": {
      "error": "'NoneType' object is not subscriptable"
    },
    "together": {
      "exact_match_rate": 0.9634801288936627,
      "avg_prob": 0.8213405336636478,
      "avg_margin": 0.010197787996777659,
      "avg_logit_rank": 0.030612244897959183,
      "avg_gumbel_rank": 0.030612244897959183,
      "infinite_margin_rate": 0.0,
      "total_tokens": 1862,
      "n_sequences": 20
    },
    "fireworks/fp8": {
      "exact_match_rate": 0.9662198391420912,
      "avg_prob": 0.8088436463603066,
      "avg_margin": 0.009859877680965147,
      "avg_logit_rank": 0.028954423592493297,
      "avg_gumbel_rank": 0.028954423592493297,
      "infinite_margin_rate": 0.0,
      "total_tokens": 1865,
      "n_sequences": 20
    },
    "cerebras": {
      "exact_match_rate": 0.9386437029063509,
      "avg_prob": 0.8102808480097865,
      "avg_margin": 0.03122424566065662,
      "avg_logit_rank": 0.06297093649085038,
      "avg_gumbel_rank": 0.06297093649085038,
      "infinite_margin_rate": 0.0,
      "total_tokens": 1858,
      "n_sequences": 20
    },
    "alibaba": {
      "exact_match_rate": 0.8532404927691484,
      "avg_prob": 0.7747577001185051,
      "avg_margin": 0.12990341062736616,
      "avg_logit_rank": 0.2303160149973219,
      "avg_gumbel_rank": 0.2303160149973219,
      "infinite_margin_rate": 0.0096411355115158,
      "total_tokens": 1867,
      "n_sequences": 20
    }
  }
}