{
  "model": "Qwen/Qwen3-235B-A22B-Instruct-2507",
  "parameters": {
    "n_prompts": 50,
    "max_tokens": 100,
    "seed": 42,
    "top_k": 50,
    "top_p": 0.95,
    "temperature": 0.0
  },
  "providers": {
    "parasail/fp8": {
      "error": "Error code: 429 - {'error': {'message': 'Rate limit exceeded: limit_rpm/qwen/qwen3-235b-a22b-07-25/043eb28f-fc28-4b0d-9800-b249fcfcfbf9. High demand for qwen/qwen3-235b-a22b-2507 on OpenRouter - limited to 18 requests per minute. Please retry shortly.', 'code': 429, 'metadata': {'headers': {'X-RateLimit-Limit': '18', 'X-RateLimit-Remaining': '0', 'X-RateLimit-Reset': '1768195980000'}, 'provider_name': None}}, 'user_id': 'user_2l152bn3bp13g6n2iBaxPOEhD1W'}"
    },
    "siliconflow/fp8": {
      "exact_match_rate": 0.9499195956811395,
      "avg_prob": 0.8429026045726752,
      "avg_margin": 0.022196998657535032,
      "avg_logit_rank": 0.047783138065701815,
      "avg_gumbel_rank": 0.047783138065701815,
      "infinite_margin_rate": 0.0,
      "total_tokens": 4353,
      "n_sequences": 50
    },
    "novita/fp8": {
      "exact_match_rate": 0.9728922582127268,
      "avg_prob": 0.8503889073068975,
      "avg_margin": 0.012168556527107742,
      "avg_logit_rank": 0.02504020215943028,
      "avg_gumbel_rank": 0.02504020215943028,
      "infinite_margin_rate": 0.0,
      "total_tokens": 4353,
      "n_sequences": 50
    },
    "together": {
      "exact_match_rate": 0.9600272541449012,
      "avg_prob": 0.8512669936204915,
      "avg_margin": 0.01232402800647286,
      "avg_logit_rank": 0.03270497388144447,
      "avg_gumbel_rank": 0.03270497388144447,
      "infinite_margin_rate": 0.0,
      "total_tokens": 4403,
      "n_sequences": 50
    },
    "fireworks/fp8": {
      "exact_match_rate": 0.9665687824711995,
      "avg_prob": 0.8505929179080647,
      "avg_margin": 0.01231015819121301,
      "avg_logit_rank": 0.028461712220465327,
      "avg_gumbel_rank": 0.028461712220465327,
      "infinite_margin_rate": 0.0,
      "total_tokens": 4427,
      "n_sequences": 50
    }
  }
}