{
  "model": "Qwen/Qwen3-235B-A22B-Instruct-2507",
  "parameters": {
    "n_prompts": 50,
    "max_tokens": 100,
    "seed": 42,
    "top_k": 50,
    "top_p": 0.95,
    "temperature": 0.0
  },
  "providers": {
    "parasail/fp8": {
      "error": "Error code: 429 - {'error': {'message': 'Rate limit exceeded: limit_rpm/qwen/qwen3-235b-a22b-07-25/043eb28f-fc28-4b0d-9800-b249fcfcfbf9. High demand for qwen/qwen3-235b-a22b-2507 on OpenRouter - limited to 18 requests per minute. Please retry shortly.', 'code': 429, 'metadata': {'headers': {'X-RateLimit-Limit': '18', 'X-RateLimit-Remaining': '0', 'X-RateLimit-Reset': '1768198140000'}, 'provider_name': None}}, 'user_id': 'user_2l152bn3bp13g6n2iBaxPOEhD1W'}"
    },
    "siliconflow/fp8": {
      "exact_match_rate": 0.9479502533394749,
      "avg_prob": 0.8463412293111575,
      "avg_margin": 0.02609328872047811,
      "avg_logit_rank": 0.054583141409488715,
      "avg_gumbel_rank": 0.054583141409488715,
      "infinite_margin_rate": 0.00046061722708429296,
      "total_tokens": 4342,
      "n_sequences": 50
    },
    "novita/fp8": {
      "exact_match_rate": 0.9667049368541906,
      "avg_prob": 0.8518782322548424,
      "avg_margin": 0.011185732993685419,
      "avg_logit_rank": 0.02732491389207807,
      "avg_gumbel_rank": 0.02732491389207807,
      "infinite_margin_rate": 0.0,
      "total_tokens": 4355,
      "n_sequences": 50
    },
    "together": {
      "exact_match_rate": 0.96442417331813,
      "avg_prob": 0.8515733886862699,
      "avg_margin": 0.013022021094640821,
      "avg_logit_rank": 0.03055872291904219,
      "avg_gumbel_rank": 0.03055872291904219,
      "infinite_margin_rate": 0.0,
      "total_tokens": 4385,
      "n_sequences": 50
    },
    "fireworks/fp8": {
      "exact_match_rate": 0.9636978579481398,
      "avg_prob": 0.8539085996661675,
      "avg_margin": 0.011776220758173618,
      "avg_logit_rank": 0.030439684329199548,
      "avg_gumbel_rank": 0.030439684329199548,
      "infinite_margin_rate": 0.0,
      "total_tokens": 4435,
      "n_sequences": 50
    }
  }
}