{
  "model": "Qwen/Qwen3-235B-A22B-Instruct-2507",
  "parameters": {
    "n_prompts": 100,
    "max_tokens": 200,
    "seed": 42,
    "top_k": 50,
    "top_p": 0.95,
    "temperature": 0.0
  },
  "providers": {
    "alibaba": {
      "exact_match_rate": 0.8791788128760156,
      "avg_prob": 0.8074948636859578,
      "avg_margin": 0.11901980003048936,
      "avg_logit_rank": 0.1820380822427588,
      "avg_gumbel_rank": 0.1820380822427588,
      "infinite_margin_rate": 0.007504806797742356,
      "total_tokens": 16123,
      "n_sequences": 100
    }
  }
}