{
  "model": "Qwen/Qwen3-235B-A22B-Instruct-2507",
  "parameters": {
    "n_prompts": 20,
    "max_tokens": 100,
    "seed": 42,
    "top_k": 50,
    "top_p": 0.95,
    "temperature": 0.0
  },
  "providers": {
    "novita/fp8": {
      "exact_match_rate": 0.9715665236051502,
      "avg_prob": 0.8131286011241344,
      "avg_margin": 0.009184300355609232,
      "avg_logit_rank": 0.027896995708154508,
      "avg_gumbel_rank": 0.027896995708154508,
      "infinite_margin_rate": 0.000536480686695279,
      "total_tokens": 1864,
      "n_sequences": 20
    },
    "siliconflow/fp8": {
      "exact_match_rate": 0.9496518478843063,
      "avg_prob": 0.8096027742686218,
      "avg_margin": 0.021201396792983395,
      "avg_logit_rank": 0.05195500803427959,
      "avg_gumbel_rank": 0.05195500803427959,
      "infinite_margin_rate": 0.0,
      "total_tokens": 1867,
      "n_sequences": 20
    },
    "together": {
      "exact_match_rate": 0.9611702127659575,
      "avg_prob": 0.8151057748559941,
      "avg_margin": 0.009830036569148937,
      "avg_logit_rank": 0.02872340425531915,
      "avg_gumbel_rank": 0.02872340425531915,
      "infinite_margin_rate": 0.0,
      "total_tokens": 1880,
      "n_sequences": 20
    },
    "fireworks/fp8": {
      "exact_match_rate": 0.46582278481012657,
      "avg_prob": 0.3721481694177359,
      "avg_margin": 0.21438351192989866,
      "avg_logit_rank": 2.2632911392405064,
      "avg_gumbel_rank": 2.2632911392405064,
      "infinite_margin_rate": 0.40050632911392403,
      "total_tokens": 1975,
      "n_sequences": 20
    },
    "cerebras": {
      "exact_match_rate": 0.9407965554359526,
      "avg_prob": 0.8088065103113459,
      "avg_margin": 0.027326930839612486,
      "avg_logit_rank": 0.06189451022604951,
      "avg_gumbel_rank": 0.06189451022604951,
      "infinite_margin_rate": 0.0,
      "total_tokens": 1858,
      "n_sequences": 20
    },
    "alibaba": {
      "exact_match_rate": 0.8532061473237944,
      "avg_prob": 0.7736594316099978,
      "avg_margin": 0.13327540708391855,
      "avg_logit_rank": 0.2294647588765236,
      "avg_gumbel_rank": 0.2294647588765236,
      "infinite_margin_rate": 0.009538950715421303,
      "total_tokens": 1887,
      "n_sequences": 20
    }
  }
}