{
  "model": "Qwen/Qwen3-235B-A22B-Instruct-2507",
  "parameters": {
    "n_prompts": 20,
    "max_tokens": 100,
    "seed": 42,
    "top_k": 50,
    "top_p": 0.95,
    "temperature": 0.0
  },
  "providers": {
    "novita/fp8": {
      "exact_match_rate": 0.9601063829787234,
      "avg_prob": 0.8183878472074866,
      "avg_margin": 0.009303316156914893,
      "avg_logit_rank": 0.03031914893617021,
      "avg_gumbel_rank": 0.03031914893617021,
      "infinite_margin_rate": 0.0,
      "total_tokens": 1880,
      "n_sequences": 20
    },
    "siliconflow/fp8": {
      "exact_match_rate": 0.9471413160733549,
      "avg_prob": 0.8065742495255755,
      "avg_margin": 0.023131137790226783,
      "avg_logit_rank": 0.05501618122977346,
      "avg_gumbel_rank": 0.05501618122977346,
      "infinite_margin_rate": 0.0010787486515641855,
      "total_tokens": 1854,
      "n_sequences": 20
    },
    "together": {
      "exact_match_rate": 0.9666487358795051,
      "avg_prob": 0.8187283275019219,
      "avg_margin": 0.012176020923035522,
      "avg_logit_rank": 0.02689618074233459,
      "avg_gumbel_rank": 0.02689618074233459,
      "infinite_margin_rate": 0.0005379236148466917,
      "total_tokens": 1859,
      "n_sequences": 20
    },
    "fireworks/fp8": {
      "exact_match_rate": 0.9559214020180563,
      "avg_prob": 0.8174173286856329,
      "avg_margin": 0.012618038037705788,
      "avg_logit_rank": 0.036112586298459905,
      "avg_gumbel_rank": 0.036112586298459905,
      "infinite_margin_rate": 0.0,
      "total_tokens": 1883,
      "n_sequences": 20
    },
    "cerebras": {
      "exact_match_rate": 0.9477933261571583,
      "avg_prob": 0.8123162394676225,
      "avg_margin": 0.022353715352529602,
      "avg_logit_rank": 0.051130247578040904,
      "avg_gumbel_rank": 0.051130247578040904,
      "infinite_margin_rate": 0.0,
      "total_tokens": 1858,
      "n_sequences": 20
    },
    "alibaba": {
      "exact_match_rate": 0.8568364611260053,
      "avg_prob": 0.7693765701264162,
      "avg_margin": 0.14069454629849432,
      "avg_logit_rank": 0.24075067024128685,
      "avg_gumbel_rank": 0.24075067024128685,
      "infinite_margin_rate": 0.011796246648793566,
      "total_tokens": 1865,
      "n_sequences": 20
    }
  }
}