{
  "model": "Qwen/Qwen3-235B-A22B-Instruct-2507",
  "parameters": {
    "n_prompts": 20,
    "max_tokens": 100,
    "seed": 42,
    "top_k": 50,
    "top_p": 0.95,
    "temperature": 0.0
  },
  "providers": {
    "novita/fp8": {
      "exact_match_rate": 0.9651100375738056,
      "avg_prob": 0.8128437921444831,
      "avg_margin": 0.010604251980397422,
      "avg_logit_rank": 0.030595813204508857,
      "avg_gumbel_rank": 0.030595813204508857,
      "infinite_margin_rate": 0.0005367686527106817,
      "total_tokens": 1863,
      "n_sequences": 20
    },
    "siliconflow/fp8": {
      "exact_match_rate": 0.9507230851633637,
      "avg_prob": 0.8160712375865783,
      "avg_margin": 0.020019008184922336,
      "avg_logit_rank": 0.049276914836636314,
      "avg_gumbel_rank": 0.049276914836636314,
      "infinite_margin_rate": 0.0,
      "total_tokens": 1867,
      "n_sequences": 20
    },
    "together": {
      "exact_match_rate": 0.9682966147232671,
      "avg_prob": 0.8217771581380614,
      "avg_margin": 0.0081388954191295,
      "avg_logit_rank": 0.024717893605588393,
      "avg_gumbel_rank": 0.024717893605588393,
      "infinite_margin_rate": 0.0,
      "total_tokens": 1861,
      "n_sequences": 20
    },
    "fireworks/fp8": {
      "exact_match_rate": 0.9650537634408602,
      "avg_prob": 0.8193438427382579,
      "avg_margin": 0.00921748991935484,
      "avg_logit_rank": 0.03064516129032258,
      "avg_gumbel_rank": 0.03064516129032258,
      "infinite_margin_rate": 0.0,
      "total_tokens": 1860,
      "n_sequences": 20
    },
    "cerebras": {
      "exact_match_rate": 0.9407965554359526,
      "avg_prob": 0.8094085957052987,
      "avg_margin": 0.025444761672497308,
      "avg_logit_rank": 0.0581270182992465,
      "avg_gumbel_rank": 0.0581270182992465,
      "infinite_margin_rate": 0.0,
      "total_tokens": 1858,
      "n_sequences": 20
    },
    "alibaba": {
      "exact_match_rate": 0.8569903948772679,
      "avg_prob": 0.7685593677420773,
      "avg_margin": 0.12969095009944714,
      "avg_logit_rank": 0.22998932764140875,
      "avg_gumbel_rank": 0.22998932764140875,
      "infinite_margin_rate": 0.010672358591248666,
      "total_tokens": 1874,
      "n_sequences": 20
    }
  }
}